category,feature_count,total_area_sqm,mean_area_sqm
civic,1,1274457.4532335778,1274457.4532335778
common,1,3879834.057316728,3879834.057316728
natural,1,2626377.987419128,2626377.987419128
neighborhood,1,1274457.4532335778,1274457.4532335778
playground,1,696854.1826579167,696854.1826579167
pocket,1,398377.2893605088,398377.2893605088
sports,1,1792678.1219220534,1792678.1219220534
,1,597100.47214688,597100.47214688
